episode,steps,return
1,200,-578
2,200,-515
3,200,-479
4,200,-551
5,200,-515
6,200,-569
7,200,-398
8,200,-380
9,200,-434
10,200,-614
11,200,-326
12,200,-416
13,200,-560
14,200,-569
15,200,-443
16,200,-326
17,200,-254
18,200,-254
19,200,-461
20,200,-596
21,200,-272
22,200,-407
23,187,-472
24,193,-325
25,200,-353
26,200,-254
27,200,-245
28,200,-290
29,200,-380
30,200,-488
31,200,-254
32,200,-236
33,126,-159
34,200,-290
35,200,-488
36,200,-587
37,200,-299
38,130,-136
39,200,-542
40,200,-236
41,200,-461
42,200,-272
43,200,-245
44,200,-254
45,200,-290
46,200,-263
47,113,-119
48,97,-193
49,200,-236
50,200,-272
51,200,-272
52,200,-236
53,200,-389
54,200,-263
55,119,-170
56,200,-254
57,200,-272
58,200,-236
59,200,-299
60,200,-398
61,200,-254
62,200,-335
63,200,-353
64,200,-281
65,200,-299
66,200,-308
67,200,-317
68,166,-298
69,96,-75
70,200,-299
71,200,-290
72,200,-254
73,200,-308
74,200,-335
75,200,-317
76,200,-281
77,82,-70
78,200,-281
79,200,-263
80,200,-362
81,112,-181
82,200,-236
83,200,-254
84,200,-452
85,200,-299
86,200,-308
87,200,-299
88,128,-143
89,105,-93
90,200,-326
91,200,-281
92,200,-290
93,200,-281
94,200,-353
95,200,-245
96,200,-263
97,141,-156
98,200,-254
99,200,-263
100,200,-299
101,200,-290
102,200,-281
103,200,-335
104,200,-290
105,200,-380
106,200,-299
107,200,-272
108,200,-236
109,149,-218
110,200,-245
111,200,-281
112,200,-290
113,200,-299
114,89,-122
115,200,-254
116,200,-308
117,200,-317
118,151,-256
119,200,-272
120,200,-389
121,200,-308
122,200,-317
123,200,-326
124,200,-281
125,200,-254
126,200,-245
127,200,-263
128,200,-218
129,200,-272
130,200,-245
131,200,-299
132,200,-254
133,200,-380
134,200,-353
135,200,-281
136,200,-281
137,200,-272
138,200,-335
139,200,-308
140,162,-186
141,200,-281
142,200,-353
143,200,-218
144,200,-272
145,200,-362
146,200,-236
147,200,-317
148,200,-317
149,200,-317
150,200,-353
151,200,-290
152,200,-263
153,200,-371
154,200,-281
155,200,-254
156,200,-299
157,68,-74
158,200,-263
159,200,-335
160,200,-245
161,165,-198
162,200,-254
163,200,-326
164,200,-335
165,200,-290
166,200,-263
167,200,-272
168,195,-273
169,200,-290
170,200,-263
171,157,-208
172,200,-326
173,200,-272
174,200,-299
175,106,-202
176,200,-272
177,163,-223
178,200,-299
179,200,-308
180,200,-254
181,200,-335
182,200,-281
183,200,-263
184,200,-344
185,200,-281
186,39,-18
187,200,-263
188,200,-353
189,200,-272
190,200,-344
191,200,-326
192,200,-281
193,200,-299
194,55,-43
195,200,-317
196,200,-344
197,200,-245
198,200,-281
199,200,-245
200,200,-398
201,200,-299
202,200,-281
203,200,-254
204,200,-281
205,200,-245
206,200,-272
207,200,-308
208,40,-28
209,200,-308
210,118,-169
211,200,-245
212,200,-326
213,200,-281
214,200,-254
215,200,-317
216,200,-308
217,200,-281
218,200,-281
219,200,-281
220,200,-308
221,154,-223
222,200,-245
223,200,-335
224,200,-263
225,200,-254
226,200,-290
227,200,-281
228,200,-344
229,200,-308
230,200,-272
231,200,-290
232,200,-290
233,200,-245
234,200,-281
235,200,-335
236,200,-263
237,200,-299
238,200,-407
239,200,-263
240,200,-344
241,200,-263
242,200,-263
243,70,-67
244,154,-196
245,200,-317
246,200,-272
247,200,-245
248,200,-335
249,200,-290
250,93,-135
251,200,-281
252,200,-281
253,200,-344
254,200,-263
255,200,-272
256,200,-263
257,200,-227
258,200,-317
259,200,-272
260,200,-290
261,200,-263
262,200,-299
263,132,-147
264,200,-371
265,200,-290
266,168,-174
267,200,-344
268,200,-326
269,200,-281
270,200,-299
271,200,-290
272,200,-326
273,200,-308
274,200,-263
275,200,-290
276,200,-299
277,200,-254
278,200,-245
279,200,-281
280,43,-40
281,200,-245
282,200,-290
283,200,-263
284,200,-335
285,200,-272
286,200,-299
287,200,-290
288,200,-281
289,200,-317
290,121,-136
291,200,-290
292,200,-242
293,200,-272
294,200,-281
295,200,-299
296,200,-281
297,200,-290
298,200,-281
299,135,-132
300,200,-308
301,200,-272
302,118,-115
303,200,-290
304,200,-281
305,200,-308
306,200,-308
307,200,-299
308,200,-281
309,200,-389
310,200,-281
311,200,-290
312,200,-317
313,116,-140
314,200,-308
315,200,-290
316,200,-236
317,198,-249
318,200,-263
319,200,-281
320,200,-308
321,200,-299
322,200,-407
323,200,-299
324,200,-281
325,200,-272
326,200,-227
327,200,-326
328,200,-254
329,200,-218
330,200,-290
331,200,-281
332,200,-281
333,49,-46
334,179,-221
335,200,-281
336,200,-434
337,200,-317
338,200,-290
339,200,-317
340,200,-272
341,200,-290
342,200,-299
343,200,-317
344,200,-254
345,200,-308
346,200,-227
347,200,-245
348,200,-335
349,200,-263
350,200,-263
351,200,-245
352,200,-281
353,200,-335
354,200,-263
355,200,-263
356,200,-326
357,200,-299
358,200,-254
359,200,-272
360,200,-263
361,200,-263
362,200,-254
363,200,-290
364,89,-131
365,78,-66
366,200,-317
367,200,-299
368,200,-308
369,200,-272
370,22,-10
371,200,-218
372,200,-227
373,200,-281
374,200,-335
375,200,-290
376,200,-344
377,200,-263
378,29,-8
379,191,-305
380,200,-272
381,200,-290
382,200,-263
383,200,-272
384,200,-317
385,200,-326
386,100,-133
387,200,-281
388,200,-281
389,200,-290
390,121,-127
391,200,-335
392,200,-308
393,200,-263
394,200,-272
395,200,-272
396,200,-389
397,200,-299
398,200,-272
399,200,-317
400,200,-299
401,200,-317
402,200,-254
403,200,-290
404,200,-263
405,200,-272
406,200,-335
407,200,-290
408,200,-272
409,200,-335
410,200,-245
411,200,-308
412,200,-272
413,200,-326
414,200,-281
415,200,-290
416,200,-281
417,200,-245
418,200,-281
419,200,-308
420,200,-263
421,200,-281
422,200,-254
423,200,-290
424,200,-281
425,200,-272
426,200,-254
427,200,-281
428,200,-254
429,191,-224
430,200,-227
431,200,-317
432,200,-290
433,53,-32
434,200,-326
435,200,-290
436,38,-26
437,200,-299
438,200,-308
439,200,-326
440,200,-281
441,200,-299
442,200,-299
443,129,-162
444,200,-290
445,200,-281
446,200,-317
447,200,-344
448,200,-317
449,200,-272
450,200,-290
451,200,-272
452,200,-335
453,200,-317
454,200,-335
455,200,-308
456,200,-254
457,200,-281
458,200,-317
459,200,-263
460,200,-317
461,200,-299
462,200,-281
463,200,-281
464,200,-263
465,200,-263
466,200,-290
467,156,-216
468,200,-290
469,200,-254
470,200,-326
471,200,-254
472,200,-272
473,200,-245
474,200,-272
475,200,-326
476,200,-353
477,200,-254
478,114,-129
479,200,-254
480,200,-299
481,200,-308
482,181,-232
483,200,-272
484,28,-34
485,200,-245
486,200,-308
487,200,-236
488,95,-110
489,200,-281
490,138,-144
491,200,-299
492,200,-308
493,200,-299
494,200,-299
495,200,-272
496,200,-245
497,200,-299
498,200,-281
499,200,-236
500,200,-263
501,200,-308
502,200,-281
503,200,-335
504,200,-326
505,200,-236
506,98,-113
507,200,-281
508,200,-344
509,200,-344
510,200,-263
511,200,-263
512,200,-272
513,200,-236
514,200,-299
515,200,-299
516,126,-186
517,200,-254
518,200,-326
519,200,-353
520,200,-245
521,200,-263
522,200,-317
523,200,-272
524,200,-236
525,200,-254
526,200,-272
527,200,-272
528,200,-236
529,200,-281
530,31,-10
531,144,-123
532,200,-236
533,200,-263
534,200,-263
535,200,-281
536,200,-290
537,200,-272
538,200,-281
539,200,-371
540,200,-317
541,200,-263
542,200,-281
543,200,-254
544,200,-299
545,183,-207
546,200,-272
547,200,-326
548,200,-299
549,200,-254
550,168,-201
551,200,-290
552,200,-344
553,200,-335
554,176,-245
555,200,-236
556,200,-317
557,200,-335
558,200,-335
559,200,-272
560,200,-281
561,200,-272
562,200,-335
563,200,-254
564,200,-254
565,200,-299
566,52,-31
567,200,-308
568,200,-290
569,200,-299
570,200,-299
571,200,-290
572,200,-236
573,95,-110
574,200,-281
575,200,-290
576,200,-245
577,200,-308
578,200,-326
579,200,-281
580,200,-308
581,200,-254
582,200,-308
583,200,-290
584,200,-335
585,200,-290
586,200,-290
587,200,-263
588,118,-133
589,200,-263
590,200,-272
591,200,-281
592,200,-308
593,200,-308
594,200,-290
595,200,-263
596,200,-299
597,200,-263
598,200,-299
599,200,-299
600,200,-371
601,200,-281
602,182,-215
603,200,-272
604,200,-254
605,200,-236
606,200,-236
607,200,-290
608,200,-317
609,200,-245
610,200,-281
611,200,-299
612,200,-317
613,200,-281
614,200,-272
615,200,-281
616,200,-317
617,200,-344
618,200,-263
619,200,-245
620,142,-175
621,200,-263
622,200,-272
623,200,-263
624,200,-308
625,200,-308
626,151,-193
627,200,-299
628,200,-290
629,200,-353
630,200,-281
631,45,-42
632,200,-272
633,200,-353
634,200,-299
635,200,-335
636,200,-290
637,200,-263
638,200,-317
639,187,-256
640,39,-18
641,200,-317
642,200,-290
643,200,-281
644,200,-335
645,200,-272
646,127,-187
647,200,-308
648,146,-152
649,200,-272
650,183,-216
651,200,-344
652,200,-326
653,200,-272
654,200,-272
655,200,-272
656,200,-272
657,200,-299
658,200,-263
659,200,-308
660,200,-263
661,200,-308
662,200,-290
663,200,-317
664,200,-317
665,200,-344
666,200,-299
667,200,-281
668,200,-272
669,200,-290
670,200,-299
671,200,-272
672,200,-218
673,200,-290
674,94,-109
675,200,-272
676,200,-299
677,200,-263
678,200,-335
679,200,-308
680,200,-263
681,145,-178
682,200,-299
683,200,-290
684,200,-227
685,200,-236
686,200,-290
687,200,-281
688,200,-290
689,200,-290
690,200,-263
691,200,-290
692,200,-281
693,200,-254
694,200,-254
695,200,-335
696,87,-129
697,200,-344
698,139,-199
699,134,-158
700,200,-254
701,200,-353
702,200,-308
703,200,-308
704,200,-308
705,76,-82
706,200,-236
707,200,-344
708,200,-272
709,200,-263
710,200,-272
711,200,-236
712,200,-335
713,200,-290
714,200,-281
715,200,-281
716,200,-245
717,194,-227
718,200,-290
719,200,-245
720,200,-254
721,200,-281
722,200,-326
723,200,-299
724,200,-281
725,200,-308
726,195,-282
727,42,-39
728,200,-281
729,200,-245
730,200,-281
731,200,-272
732,200,-326
733,200,-281
734,147,-234
735,200,-263
736,200,-326
737,200,-290
738,200,-263
739,200,-290
740,200,-245
741,200,-281
742,183,-252
743,200,-335
744,200,-272
745,200,-281
746,200,-272
747,200,-236
748,200,-272
749,200,-263
750,200,-299
751,200,-245
752,106,-121
753,200,-353
754,200,-272
755,200,-281
756,166,-226
757,200,-254
758,60,-57
759,200,-308
760,200,-362
761,102,-108
762,200,-272
763,200,-272
764,200,-299
765,151,-202
766,200,-245
767,200,-299
768,200,-299
769,129,-162
770,200,-290
771,200,-245
772,200,-263
773,200,-254
774,200,-281
775,200,-353
776,200,-290
777,200,-308
778,200,-245
779,200,-290
780,200,-290
781,200,-254
782,200,-263
783,200,-254
784,200,-245
785,200,-218
786,200,-254
787,90,-69
788,200,-326
789,182,-260
790,200,-281
791,200,-281
792,200,-344
793,200,-245
794,200,-272
795,200,-299
796,200,-281
797,200,-272
798,200,-290
799,200,-272
800,200,-263
801,200,-272
802,200,-245
803,200,-254
804,200,-290
805,200,-335
806,200,-326
807,200,-299
808,200,-299
809,200,-263
810,200,-281
811,200,-299
812,200,-317
813,200,-290
814,200,-263
815,200,-308
816,200,-299
817,200,-281
818,178,-220
819,200,-245
820,88,-76
821,200,-281
822,200,-299
823,200,-281
824,200,-272
825,200,-236
826,200,-281
827,200,-281
828,200,-245
829,200,-326
830,200,-281
831,200,-272
832,200,-299
833,200,-290
834,145,-223
835,200,-236
836,200,-263
837,200,-272
838,200,-281
839,200,-272
840,200,-317
841,200,-254
842,200,-308
843,200,-272
844,49,-55
845,200,-263
846,200,-308
847,200,-281
848,200,-317
849,143,-149
850,200,-263
851,200,-272
852,200,-290
853,200,-281
854,200,-263
855,200,-281
856,200,-299
857,200,-263
858,200,-326
859,200,-290
860,100,-124
861,200,-290
862,200,-281
863,200,-272
864,45,-33
865,199,-295
866,200,-272
867,200,-308
868,78,-120
869,200,-272
870,200,-317
871,200,-263
872,200,-317
873,200,-326
874,200,-263
875,200,-326
876,200,-326
877,200,-272
878,200,-308
879,200,-272
880,200,-254
881,200,-290
882,200,-290
883,154,-223
884,200,-290
885,200,-281
886,200,-263
887,200,-236
888,200,-290
889,200,-290
890,200,-281
891,200,-362
892,200,-281
893,200,-317
894,200,-290
895,200,-281
896,200,-299
897,200,-254
898,200,-290
899,126,-150
900,200,-290
901,74,-53
902,200,-299
903,200,-281
904,200,-254
905,200,-263
906,170,-176
907,200,-290
908,200,-254
909,200,-308
910,200,-335
911,200,-326
912,69,-84
913,200,-263
914,200,-263
915,200,-281
916,200,-245
917,200,-281
918,200,-299
919,200,-335
920,200,-290
921,200,-326
922,200,-326
923,200,-299
924,200,-281
925,200,-263
926,200,-299
927,200,-272
928,200,-263
929,200,-272
930,200,-308
931,10,11
932,200,-263
933,200,-299
934,200,-263
935,200,-281
936,103,-154
937,200,-317
938,200,-308
939,200,-263
940,200,-272
941,200,-335
942,163,-169
943,200,-281
944,200,-272
945,200,-281
946,200,-263
947,200,-290
948,200,-245
949,200,-290
950,200,-299
951,200,-254
952,200,-281
953,200,-326
954,72,-69
955,200,-308
956,183,-216
957,200,-299
958,200,-335
959,200,-308
960,200,-281
961,200,-254
962,200,-281
963,200,-272
964,200,-254
965,200,-308
966,200,-281
967,200,-281
968,200,-290
969,200,-326
970,200,-281
971,200,-272
972,103,-118
973,200,-326
974,200,-263
975,200,-326
976,200,-281
977,200,-290
978,200,-290
979,200,-290
980,200,-299
981,88,-85
982,200,-290
983,37,-16
984,200,-263
985,200,-272
986,200,-335
987,200,-254
988,154,-241
989,165,-198
990,200,-263
991,200,-290
992,200,-317
993,200,-308
994,200,-245
995,200,-308
996,200,-290
997,200,-263
998,200,-254
999,200,-281
1000,200,-299
1001,200,-272
1002,200,-290
1003,200,-245
1004,200,-236
1005,200,-281
1006,182,-278
1007,200,-290
1008,200,-254
1009,200,-308
1010,200,-299
1011,200,-317
1012,189,-195
1013,200,-281
1014,200,-299
1015,200,-263
1016,200,-245
1017,200,-272
1018,200,-227
1019,200,-290
1020,200,-299
1021,200,-290
1022,200,-281
1023,200,-281
1024,200,-263
1025,200,-272
1026,200,-254
1027,200,-299
1028,200,-236
1029,137,-161
1030,200,-290
1031,182,-251
1032,200,-326
1033,200,-272
1034,67,-55
1035,200,-290
1036,200,-308
1037,180,-285
1038,200,-326
1039,200,-299
1040,200,-335
1041,200,-281
1042,200,-272
1043,200,-272
1044,148,-163
1045,200,-263
1046,200,-299
1047,200,-290
1048,200,-254
1049,200,-326
1050,200,-245
1051,200,-299
1052,200,-245
1053,200,-290
1054,200,-254
1055,200,-290
1056,200,-281
1057,200,-299
1058,200,-272
1059,200,-299
1060,200,-272
1061,200,-299
1062,200,-263
1063,200,-245
1064,200,-308
1065,200,-299
1066,200,-272
1067,200,-272
1068,200,-263
1069,69,-75
1070,200,-272
1071,200,-245
1072,200,-245
1073,31,-19
1074,200,-236
1075,200,-218
1076,200,-281
1077,200,-245
1078,200,-281
1079,200,-335
1080,200,-245
1081,200,-362
1082,200,-335
1083,200,-290
1084,196,-265
1085,99,-141
1086,200,-245
1087,200,-299
1088,200,-254
1089,195,-201
1090,200,-281
1091,200,-254
1092,200,-281
1093,200,-317
1094,200,-308
1095,200,-272
1096,200,-272
1097,200,-299
1098,184,-217
1099,79,-85
1100,200,-335
1101,196,-274
1102,200,-281
1103,200,-263
1104,200,-308
1105,200,-272
1106,200,-281
1107,200,-236
1108,200,-272
1109,200,-308
1110,200,-263
1111,199,-241
1112,200,-299
1113,200,-254
1114,200,-308
1115,200,-290
1116,200,-308
1117,200,-272
1118,200,-236
1119,200,-326
1120,200,-299
1121,200,-272
1122,200,-290
1123,200,-290
1124,200,-245
1125,200,-299
1126,200,-299
1127,200,-245
1128,200,-254
1129,200,-236
1130,200,-245
1131,105,-102
1132,200,-281
1133,103,-136
1134,119,-179
1135,200,-299
1136,200,-281
1137,200,-272
1138,200,-272
1139,200,-272
1140,200,-299
1141,200,-281
1142,200,-272
1143,165,-234
1144,200,-272
1145,200,-272
1146,200,-290
1147,200,-326
1148,200,-272
1149,200,-317
1150,200,-290
1151,200,-236
1152,75,-72
1153,163,-232
1154,200,-254
1155,200,-236
1156,200,-272
1157,200,-344
1158,200,-281
1159,200,-236
1160,98,-122
1161,200,-317
1162,200,-227
1163,200,-335
1164,200,-254
1165,31,-28
1166,200,-308
1167,200,-272
1168,200,-308
1169,200,-263
1170,200,-281
1171,200,-263
1172,200,-254
1173,200,-272
1174,200,-326
1175,200,-290
1176,103,-136
1177,200,-317
1178,200,-236
1179,200,-299
1180,110,-107
1181,200,-254
1182,51,-66
1183,200,-299
1184,200,-272
1185,200,-299
1186,200,-272
1187,200,-290
1188,200,-272
1189,200,-299
1190,200,-281
1191,120,-171
1192,200,-281
1193,200,-245
1194,200,-308
1195,200,-263
1196,200,-290
1197,200,-272
1198,116,-131
1199,200,-254
1200,158,-200
1201,200,-290
1202,200,-290
1203,148,-190
1204,105,-120
1205,200,-299
1206,200,-245
1207,200,-281
1208,200,-290
1209,200,-263
1210,200,-353
1211,200,-263
1212,200,-272
1213,200,-290
1214,200,-317
1215,105,-111
1216,200,-281
1217,37,-34
1218,200,-281
1219,200,-290
1220,200,-290
1221,200,-290
1222,200,-290
1223,200,-317
1224,97,-103
1225,200,-299
1226,200,-281
1227,200,-272
1228,200,-299
1229,200,-326
1230,200,-299
1231,200,-263
1232,200,-326
1233,200,-299
1234,68,-74
1235,106,-121
1236,200,-272
1237,200,-317
1238,200,-281
1239,200,-272
1240,200,-335
1241,200,-281
1242,200,-272
1243,200,-299
1244,200,-263
1245,200,-281
1246,107,-104
1247,200,-290
1248,200,-335
1249,196,-256
1250,200,-299
1251,143,-203
1252,200,-290
1253,85,-73
1254,200,-272
1255,200,-272
1256,200,-272
1257,200,-326
1258,200,-254
1259,200,-272
1260,200,-272
1261,200,-272
1262,200,-272
1263,200,-272
1264,200,-290
1265,200,-281
1266,182,-215
1267,200,-290
1268,196,-229
1269,200,-308
1270,200,-299
1271,200,-263
1272,200,-326
1273,200,-308
1274,200,-272
1275,200,-263
1276,200,-281
1277,200,-281
1278,200,-263
1279,200,-263
1280,200,-263
1281,200,-245
1282,200,-335
1283,200,-263
1284,200,-317
1285,200,-326
1286,79,-85
1287,200,-299
1288,200,-254
1289,200,-272
1290,200,-254
1291,200,-263
1292,200,-263
1293,200,-272
1294,200,-308
1295,200,-317
1296,200,-254
1297,200,-281
1298,111,-135
1299,200,-236
1300,200,-272
1301,200,-299
1302,200,-272
1303,195,-264
1304,84,-117
1305,200,-281
1306,200,-290
1307,200,-299
1308,200,-353
1309,200,-290
1310,200,-308
1311,200,-299
1312,200,-254
1313,183,-234
1314,200,-290
1315,200,-290
1316,200,-371
1317,94,-127
1318,200,-281
1319,200,-272
1320,93,-153
1321,200,-290
1322,200,-254
1323,166,-190
1324,200,-299
1325,200,-299
1326,200,-290
1327,200,-317
1328,200,-263
1329,200,-299
1330,200,-272
1331,200,-272
1332,200,-299
1333,66,-63
1334,155,-251
1335,78,-66
1336,200,-281
1337,200,-272
1338,200,-254
1339,200,-317
1340,200,-326
1341,200,-254
1342,200,-227
1343,200,-290
1344,200,-290
1345,200,-299
1346,200,-236
1347,200,-281
1348,200,-245
1349,200,-308
1350,200,-317
1351,200,-299
1352,200,-254
1353,200,-245
1354,117,-132
1355,200,-281
1356,200,-326
1357,200,-326
1358,159,-192
1359,200,-299
1360,200,-290
1361,69,-66
1362,200,-290
1363,200,-263
1364,200,-299
1365,99,-87
1366,200,-245
1367,200,-308
1368,200,-236
1369,200,-281
1370,200,-335
1371,200,-263
1372,200,-317
1373,200,-254
1374,69,-48
1375,200,-254
1376,200,-281
1377,171,-240
1378,200,-326
1379,200,-317
1380,200,-254
1381,200,-308
1382,200,-317
1383,200,-272
1384,69,-75
1385,200,-308
1386,200,-290
1387,200,-317
1388,200,-326
1389,200,-299
1390,200,-245
1391,200,-263
1392,200,-272
1393,200,-290
1394,200,-290
1395,200,-263
1396,200,-326
1397,95,-83
1398,140,-155
1399,200,-245
1400,55,-70
1401,69,-93
1402,200,-245
1403,200,-308
1404,200,-254
1405,200,-281
1406,200,-281
1407,200,-263
1408,200,-272
1409,15,6
1410,200,-272
1411,200,-263
1412,200,-299
1413,200,-299
1414,200,-254
1415,200,-263
1416,200,-272
1417,200,-263
1418,200,-254
1419,200,-290
1420,200,-335
1421,200,-272
1422,200,-308
1423,200,-281
1424,200,-308
1425,200,-317
1426,200,-236
1427,200,-245
1428,200,-299
1429,200,-335
1430,200,-263
1431,174,-171
1432,200,-308
1433,200,-290
1434,200,-326
1435,200,-308
1436,200,-317
1437,200,-263
1438,200,-227
1439,60,-57
1440,200,-308
1441,200,-308
1442,200,-281
1443,200,-317
1444,129,-144
1445,200,-272
1446,200,-299
1447,200,-236
1448,200,-308
1449,200,-308
1450,200,-260
1451,200,-254
1452,19,2
1453,200,-272
1454,200,-263
1455,200,-254
1456,165,-180
1457,200,-236
1458,177,-228
1459,200,-245
1460,200,-290
1461,199,-250
1462,200,-317
1463,200,-245
1464,200,-308
1465,200,-263
1466,200,-299
1467,200,-281
1468,200,-281
1469,200,-281
1470,200,-317
1471,200,-227
1472,200,-245
1473,200,-272
1474,200,-245
1475,200,-290
1476,200,-236
1477,77,-110
1478,112,-127
1479,200,-263
1480,200,-326
1481,200,-299
1482,200,-344
1483,200,-272
1484,200,-272
1485,46,-25
1486,41,-47
1487,163,-214
1488,200,-281
1489,200,-317
1490,200,-272
1491,200,-290
1492,200,-263
1493,200,-263
1494,200,-263
1495,200,-299
1496,200,-299
1497,200,-299
1498,200,-281
1499,200,-398
1500,179,-257
1501,200,-290
1502,200,-299
1503,200,-272
1504,200,-263
1505,69,-66
1506,200,-290
1507,200,-281
1508,200,-263
1509,200,-263
1510,48,-36
1511,200,-326
1512,200,-236
1513,200,-245
1514,200,-263
1515,200,-281
1516,200,-272
1517,200,-236
1518,200,-281
1519,49,-46
1520,200,-272
1521,200,-317
1522,200,-326
1523,90,-132
1524,200,-281
1525,200,-263
1526,200,-290
1527,200,-281
1528,200,-254
1529,200,-344
1530,200,-299
1531,130,-136
1532,133,-130
1533,95,-110
1534,200,-299
1535,200,-299
1536,200,-326
1537,200,-281
1538,200,-290
1539,200,-263
1540,200,-299
1541,200,-254
1542,200,-299
1543,200,-290
1544,200,-263
1545,200,-254
1546,76,-100
1547,200,-308
1548,200,-281
1549,200,-263
1550,200,-263
1551,200,-290
1552,200,-299
1553,200,-254
1554,56,-53
1555,200,-299
1556,200,-290
1557,200,-272
1558,200,-254
1559,65,-71
1560,200,-281
1561,60,-57
1562,200,-290
1563,200,-299
1564,200,-263
1565,200,-290
1566,200,-299
1567,200,-317
1568,200,-254
1569,71,-59
1570,60,-57
1571,200,-290
1572,150,-201
1573,200,-281
1574,200,-281
1575,200,-317
1576,200,-299
1577,200,-281
1578,200,-281
1579,200,-281
1580,200,-254
1581,200,-326
1582,193,-289
1583,200,-299
1584,200,-299
1585,200,-272
1586,200,-272
1587,200,-263
1588,200,-290
1589,200,-272
1590,200,-344
1591,200,-272
1592,178,-265
1593,200,-317
1594,200,-317
1595,26,-5
1596,100,-97
1597,200,-254
1598,200,-317
1599,200,-254
1600,200,-299
1601,200,-308
1602,200,-254
1603,95,-74
1604,200,-281
1605,200,-272
1606,200,-281
1607,200,-254
1608,200,-344
1609,101,-143
1610,200,-263
1611,200,-281
1612,200,-290
1613,200,-281
1614,200,-245
1615,200,-281
1616,200,-263
1617,200,-308
1618,34,-13
1619,200,-263
1620,200,-281
1621,200,-308
1622,200,-281
1623,200,-263
1624,200,-263
1625,178,-220
1626,188,-239
1627,200,-281
1628,200,-308
1629,200,-299
1630,200,-236
1631,131,-200
1632,200,-290
1633,200,-263
1634,200,-308
1635,200,-290
1636,200,-245
1637,200,-263
1638,190,-241
1639,200,-290
1640,200,-254
1641,77,-65
1642,200,-290
1643,200,-299
1644,200,-371
1645,200,-263
1646,92,-107
1647,200,-281
1648,200,-227
1649,200,-290
1650,77,-74
1651,200,-263
1652,200,-299
1653,200,-263
1654,200,-272
1655,200,-290
1656,71,-86
1657,200,-317
1658,141,-201
1659,86,-92
1660,200,-272
1661,200,-272
1662,200,-281
1663,200,-308
1664,200,-353
1665,200,-254
1666,200,-299
1667,200,-353
1668,200,-299
1669,200,-272
1670,200,-317
1671,200,-290
1672,200,-227
1673,200,-263
1674,200,-245
1675,200,-263
1676,200,-281
1677,200,-290
1678,42,-48
1679,200,-317
1680,200,-272
1681,200,-254
1682,200,-317
1683,200,-290
1684,200,-272
1685,200,-308
1686,200,-281
1687,200,-299
1688,200,-263
1689,125,-104
1690,200,-245
1691,200,-272
1692,200,-290
1693,200,-272
1694,200,-272
1695,200,-281
1696,200,-245
1697,200,-317
1698,200,-263
1699,115,-157
1700,200,-272
1701,200,-299
1702,200,-353
1703,200,-263
1704,200,-272
1705,200,-290
1706,200,-254
1707,200,-281
1708,200,-317
1709,200,-290
1710,200,-272
1711,200,-254
1712,200,-254
1713,200,-272
1714,21,-9
1715,49,-64
1716,13,-1
1717,200,-272
1718,200,-299
1719,49,-37
1720,200,-272
1721,200,-263
1722,200,-281
1723,186,-246
1724,200,-245
1725,200,-281
1726,200,-290
1727,200,-263
1728,112,-163
1729,200,-263
1730,200,-299
1731,200,-281
1732,200,-254
1733,173,-206
1734,200,-281
1735,200,-326
1736,200,-281
1737,200,-272
1738,126,-132
1739,200,-281
1740,200,-290
1741,143,-185
1742,200,-263
1743,124,-130
1744,200,-317
1745,200,-308
1746,200,-290
1747,200,-263
1748,200,-281
1749,200,-272
1750,200,-245
1751,200,-317
1752,173,-278
1753,200,-299
1754,200,-236
1755,200,-281
1756,200,-281
1757,200,-326
1758,87,-111
1759,200,-317
1760,148,-172
1761,200,-290
1762,200,-281
1763,200,-227
1764,200,-281
1765,200,-290
1766,200,-290
1767,200,-272
1768,200,-290
1769,200,-290
1770,200,-308
1771,200,-272
1772,200,-362
1773,200,-281
1774,200,-236
1775,200,-290
1776,200,-245
1777,200,-281
1778,200,-317
1779,59,-56
1780,200,-281
1781,200,-218
1782,200,-317
1783,200,-272
1784,84,-90
1785,200,-254
1786,47,-35
1787,200,-236
1788,200,-254
1789,200,-263
1790,200,-299
1791,200,-317
1792,200,-335
1793,90,-114
1794,200,-272
1795,200,-272
1796,200,-281
1797,200,-317
1798,200,-317
1799,200,-272
1800,145,-205
1801,200,-353
1802,171,-222
1803,114,-111
1804,200,-299
1805,200,-308
1806,200,-308
1807,54,-60
1808,200,-299
1809,200,-272
1810,70,-94
1811,200,-263
1812,200,-272
1813,200,-281
1814,95,-110
1815,200,-272
1816,200,-317
1817,200,-272
1818,172,-187
1819,200,-281
1820,200,-254
1821,128,-152
1822,200,-254
1823,200,-263
1824,86,-74
1825,200,-281
1826,200,-317
1827,200,-344
1828,200,-281
1829,200,-236
1830,200,-317
1831,200,-245
1832,200,-272
1833,200,-281
1834,197,-257
1835,200,-263
1836,200,-263
1837,150,-183
1838,200,-281
1839,200,-263
1840,200,-281
1841,200,-236
1842,135,-213
1843,200,-263
1844,200,-290
1845,200,-254
1846,200,-254
1847,200,-326
1848,200,-254
1849,200,-290
1850,200,-317
1851,157,-244
1852,200,-290
1853,200,-254
1854,200,-317
1855,200,-263
1856,200,-290
1857,200,-281
1858,200,-326
1859,200,-317
1860,196,-301
1861,200,-326
1862,108,-132
1863,200,-263
1864,200,-308
1865,200,-281
1866,200,-281
1867,200,-227
1868,200,-245
1869,192,-225
1870,200,-281
1871,200,-317
1872,200,-281
1873,200,-263
1874,200,-299
1875,200,-272
1876,200,-272
1877,94,-100
1878,140,-164
1879,200,-299
1880,200,-245
1881,200,-326
1882,200,-308
1883,135,-213
1884,200,-308
1885,95,-83
1886,200,-290
1887,200,-227
1888,200,-272
1889,200,-308
1890,200,-254
1891,200,-236
1892,200,-290
1893,200,-281
1894,200,-308
1895,200,-281
1896,200,-281
1897,117,-150
1898,200,-290
1899,200,-290
1900,200,-245
1901,200,-254
1902,100,-106
1903,200,-272
1904,200,-281
1905,200,-272
1906,200,-299
1907,200,-263
1908,178,-202
1909,200,-263
1910,200,-281
1911,200,-290
1912,200,-272
1913,200,-263
1914,200,-263
1915,200,-254
1916,200,-299
1917,200,-272
1918,130,-136
1919,200,-254
1920,200,-299
1921,193,-244
1922,200,-335
1923,39,-18
1924,200,-272
1925,200,-272
1926,200,-263
1927,200,-272
1928,99,-114
1929,200,-245
1930,200,-335
1931,200,-326
1932,120,-162
1933,200,-299
1934,200,-335
1935,200,-290
1936,200,-281
1937,200,-290
1938,200,-272
1939,200,-236
1940,200,-317
1941,200,-245
1942,200,-272
1943,165,-216
1944,200,-299
1945,200,-245
1946,200,-263
1947,200,-281
1948,119,-134
1949,200,-299
1950,200,-272
1951,200,-254
1952,200,-263
1953,200,-290
1954,200,-263
1955,200,-254
1956,200,-281
1957,186,-237
1958,200,-290
1959,200,-326
1960,200,-299
1961,200,-290
1962,200,-308
1963,200,-281
1964,200,-254
1965,200,-290
1966,200,-290
1967,200,-290
1968,122,-182
1969,200,-254
1970,200,-371
1971,200,-263
1972,200,-272
1973,200,-272
1974,200,-308
1975,200,-299
1976,200,-236
1977,200,-245
1978,200,-272
1979,200,-308
1980,80,-104
1981,200,-299
1982,200,-227
1983,41,-56
1984,200,-236
1985,183,-189
1986,200,-281
1987,200,-254
1988,200,-236
1989,200,-290
1990,175,-199
1991,200,-254
1992,200,-272
1993,92,-116
1994,200,-281
1995,200,-299
1996,85,-109
1997,200,-245
1998,200,-236
1999,200,-290
2000,200,-281
2001,200,-272
2002,200,-272
2003,200,-290
2004,200,-263
2005,200,-281
2006,200,-299
2007,200,-299
2008,200,-272
2009,200,-254
2010,157,-262
2011,200,-272
2012,200,-272
2013,200,-254
2014,200,-290
2015,71,-86
2016,200,-272
2017,200,-299
2018,58,-55
2019,200,-254
2020,200,-335
2021,200,-299
2022,200,-272
2023,200,-308
2024,200,-299
2025,200,-326
2026,117,-132
2027,200,-308
2028,200,-245
2029,200,-254
2030,200,-299
2031,200,-326
2032,200,-263
2033,200,-272
2034,200,-272
2035,137,-134
2036,87,-120
2037,200,-263
2038,172,-250
2039,200,-290
2040,200,-308
2041,149,-182
2042,200,-317
2043,190,-232
2044,200,-290
2045,200,-218
2046,200,-254
2047,200,-290
2048,200,-227
2049,200,-254
2050,200,-272
2051,200,-281
2052,200,-272
2053,141,-138
2054,200,-254
2055,200,-254
2056,200,-272
2057,200,-290
2058,200,-281
2059,200,-263
2060,200,-272
2061,200,-263
2062,200,-272
2063,68,-92
2064,200,-254
2065,39,-27
2066,200,-263
2067,200,-290
2068,200,-272
2069,200,-272
2070,87,-129
2071,200,-281
2072,200,-281
2073,200,-236
2074,200,-317
2075,200,-290
2076,200,-290
2077,200,-272
2078,200,-263
2079,200,-299
2080,200,-263
2081,200,-263
2082,200,-272
2083,196,-256
2084,200,-290
2085,200,-281
2086,200,-299
2087,200,-326
2088,200,-272
2089,200,-326
2090,198,-222
2091,136,-169
2092,200,-263
2093,200,-362
2094,200,-290
2095,200,-290
2096,200,-272
2097,200,-281
2098,200,-308
2099,67,-73
2100,200,-281
2101,60,-84
2102,200,-317
2103,200,-254
2104,141,-156
2105,126,-168
2106,200,-281
2107,200,-263
2108,200,-299
2109,200,-317
2110,200,-272
2111,200,-281
2112,200,-281
2113,200,-281
2114,109,-142
2115,176,-254
2116,109,-97
2117,200,-254
2118,200,-281
2119,200,-236
2120,200,-272
2121,200,-299
2122,200,-281
2123,200,-299
2124,200,-263
2125,200,-263
2126,200,-326
2127,200,-326
2128,124,-139
2129,200,-290
2130,200,-254
2131,200,-272
2132,200,-281
2133,200,-263
2134,200,-245
2135,200,-299
2136,59,-74
2137,200,-326
2138,200,-353
2139,200,-281
2140,200,-299
2141,158,-182
2142,200,-308
2143,200,-281
2144,200,-290
2145,200,-290
2146,68,-65
2147,149,-200
2148,200,-353
2149,200,-290
2150,162,-204
2151,200,-290
2152,200,-299
2153,200,-299
2154,200,-290
2155,200,-263
2156,200,-299
2157,200,-281
2158,200,-290
2159,200,-272
2160,200,-326
2161,200,-299
2162,185,-227
2163,200,-263
2164,200,-254
2165,200,-263
2166,200,-281
2167,200,-272
2168,181,-223
2169,200,-290
2170,200,-272
2171,200,-254
2172,200,-335
2173,200,-281
2174,200,-272
2175,200,-317
2176,148,-181
2177,200,-299
2178,200,-254
2179,171,-231
2180,150,-183
2181,132,-147
2182,200,-290
2183,53,-68
2184,200,-254
2185,200,-299
2186,200,-263
2187,200,-344
2188,200,-254
2189,200,-272
2190,200,-290
2191,200,-272
2192,200,-290
2193,200,-272
2194,200,-308
2195,200,-254
2196,200,-272
2197,200,-272
2198,200,-308
2199,200,-254
2200,157,-172
2201,200,-263
2202,200,-281
2203,200,-299
2204,200,-251
2205,200,-326
2206,200,-299
2207,200,-290
2208,200,-281
2209,200,-263
2210,200,-299
2211,200,-299
2212,200,-290
2213,200,-290
2214,200,-281
2215,200,-263
2216,173,-233
2217,200,-317
2218,181,-259
2219,200,-317
2220,200,-263
2221,200,-290
2222,33,-30
2223,200,-299
2224,200,-263
2225,200,-281
2226,200,-272
2227,200,-281
2228,200,-263
2229,200,-236
2230,200,-236
2231,200,-299
2232,200,-281
2233,200,-308
2234,199,-259
2235,200,-263
2236,200,-254
2237,200,-299
2238,112,-145
2239,200,-299
2240,200,-245
2241,200,-281
2242,200,-281
2243,62,-59
2244,200,-281
2245,200,-272
2246,200,-281
2247,200,-263
2248,200,-290
2249,200,-236
2250,200,-272
2251,200,-254
2252,200,-308
2253,200,-299
2254,200,-317
2255,200,-308
2256,200,-254
2257,200,-299
2258,169,-193
2259,39,-27
2260,90,-114
2261,200,-290
2262,200,-263
2263,200,-272
2264,200,-290
2265,200,-281
2266,200,-263
2267,200,-299
2268,168,-219
2269,200,-254
2270,171,-213
2271,200,-272
2272,200,-272
2273,200,-344
2274,200,-263
2275,200,-272
2276,200,-290
2277,200,-317
2278,200,-281
2279,200,-290
2280,200,-281
2281,200,-308
2282,200,-299
2283,200,-281
2284,200,-236
2285,78,-75
2286,200,-272
2287,47,-26
2288,200,-227
2289,200,-245
2290,158,-182
2291,200,-272
2292,200,-272
2293,200,-299
2294,200,-236
2295,200,-272
2296,200,-263
2297,200,-272
2298,200,-272
2299,200,-299
2300,200,-245
2301,200,-362
2302,200,-272
2303,200,-245
2304,200,-308
2305,200,-281
2306,200,-281
2307,133,-184
2308,200,-272
2309,129,-207
2310,200,-308
2311,77,-65
2312,200,-290
2313,200,-281
2314,200,-299
2315,200,-281
2316,200,-299
2317,200,-317
2318,200,-272
2319,200,-254
2320,34,-40
2321,200,-236
2322,200,-290
2323,200,-317
2324,200,-290
2325,134,-149
2326,154,-160
2327,155,-215
2328,200,-227
2329,91,-97
2330,200,-263
2331,200,-272
2332,200,-254
2333,200,-236
2334,200,-263
2335,200,-254
2336,200,-299
2337,200,-254
2338,200,-308
2339,176,-227
2340,200,-317
2341,200,-317
2342,200,-254
2343,200,-254
2344,163,-160
2345,200,-299
2346,200,-272
2347,200,-254
2348,200,-281
2349,200,-290
2350,200,-263
2351,200,-317
2352,200,-272
2353,25,-4
2354,200,-281
2355,200,-281
2356,200,-281
2357,200,-272
2358,175,-208
2359,200,-308
2360,200,-245
2361,200,-299
2362,200,-272
2363,200,-344
2364,200,-299
2365,200,-299
2366,200,-308
2367,200,-299
2368,200,-299
2369,200,-272
2370,200,-308
2371,200,-299
2372,200,-263
2373,158,-200
2374,200,-272
2375,76,-109
2376,200,-227
2377,200,-290
2378,51,-39
2379,200,-281
2380,200,-326
2381,200,-236
2382,200,-254
2383,200,-263
2384,200,-245
2385,200,-344
2386,200,-245
2387,200,-299
2388,22,-28
2389,200,-236
2390,200,-263
2391,187,-283
2392,200,-254
2393,200,-281
2394,200,-254
2395,200,-254
2396,200,-245
2397,185,-227
2398,200,-209
2399,117,-150
2400,200,-272
2401,155,-152
2402,49,-37
2403,200,-281
2404,200,-308
2405,200,-272
2406,200,-290
2407,75,-72
2408,200,-299
2409,200,-263
2410,200,-254
2411,55,-43
2412,200,-290
2413,200,-236
2414,50,-38
2415,200,-281
2416,200,-254
2417,200,-236
2418,200,-317
2419,200,-290
2420,200,-353
2421,200,-281
2422,200,-299
2423,76,-55
2424,33,-21
2425,200,-317
2426,200,-245
2427,200,-281
2428,200,-290
2429,200,-254
2430,61,-76
2431,200,-290
2432,200,-281
2433,200,-245
2434,200,-344
2435,200,-281
2436,200,-308
2437,200,-308
2438,200,-281
2439,200,-263
2440,200,-344
2441,200,-299
2442,147,-189
2443,200,-290
2444,200,-263
2445,121,-118
2446,200,-245
2447,184,-217
2448,200,-308
2449,200,-272
2450,200,-290
2451,92,-125
2452,200,-362
2453,200,-326
2454,200,-272
2455,197,-248
2456,200,-308
2457,200,-245
2458,200,-299
2459,200,-344
2460,200,-290
2461,200,-263
2462,200,-236
2463,200,-254
2464,171,-186
2465,200,-263
2466,115,-112
2467,200,-236
2468,200,-263
2469,200,-263
2470,200,-326
2471,200,-281
2472,200,-254
2473,200,-272
2474,200,-281
2475,200,-317
2476,200,-263
2477,200,-254
2478,200,-299
2479,139,-145
2480,200,-308
2481,46,-61
2482,200,-281
2483,200,-290
2484,200,-326
2485,200,-254
2486,187,-238
2487,200,-263
2488,200,-272
2489,93,-99
2490,200,-272
2491,200,-353
2492,200,-299
2493,200,-272
2494,200,-299
2495,122,-137
2496,49,-55
2497,200,-272
2498,200,-281
2499,200,-272
2500,200,-326
2501,200,-344
2502,200,-281
2503,200,-263
2504,200,-245
2505,200,-254
2506,200,-290
2507,200,-263
2508,200,-299
2509,200,-290
2510,200,-299
2511,200,-281
2512,200,-326
2513,200,-263
2514,200,-263
2515,200,-344
2516,200,-254
2517,85,-73
2518,200,-299
2519,200,-236
2520,166,-181
2521,200,-299
2522,200,-245
2523,200,-272
2524,200,-335
2525,60,-57
2526,200,-272
2527,200,-245
2528,200,-299
2529,200,-290
2530,200,-281
2531,200,-290
2532,84,-153
2533,200,-218
2534,200,-281
2535,122,-173
2536,200,-299
2537,200,-326
2538,200,-263
2539,200,-263
2540,200,-281
2541,200,-227
2542,200,-272
2543,200,-245
2544,200,-317
2545,200,-272
2546,200,-218
2547,200,-308
2548,200,-236
2549,89,-113
2550,200,-272
2551,200,-290
2552,200,-308
2553,200,-272
2554,200,-290
2555,67,-55
2556,175,-208
2557,200,-218
2558,200,-308
2559,200,-335
2560,200,-272
2561,200,-299
2562,200,-290
2563,80,-131
2564,200,-254
2565,200,-317
2566,165,-279
2567,200,-281
2568,200,-308
2569,200,-281
2570,200,-281
2571,93,-99
2572,59,-83
2573,83,-89
2574,200,-254
2575,200,-281
2576,200,-281
2577,200,-299
2578,200,-245
2579,200,-290
2580,200,-263
2581,200,-290
2582,200,-308
2583,200,-263
2584,200,-281
2585,164,-170
2586,200,-299
2587,200,-281
2588,200,-272
2589,200,-335
2590,47,-35
2591,94,-127
2592,200,-299
2593,200,-272
2594,200,-218
2595,200,-308
2596,200,-272
2597,200,-290
2598,200,-344
2599,200,-308
2600,200,-317
2601,139,-163
2602,200,-263
2603,200,-254
2604,200,-263
2605,128,-188
2606,200,-290
2607,200,-254
2608,200,-290
2609,200,-263
2610,200,-326
2611,200,-281
2612,200,-272
2613,200,-281
2614,200,-254
2615,172,-205
2616,200,-344
2617,200,-344
2618,99,-123
2619,200,-299
2620,200,-272
2621,200,-254
2622,200,-308
2623,200,-236
2624,200,-308
2625,200,-263
2626,200,-236
2627,200,-299
2628,176,-209
2629,200,-263
2630,200,-254
2631,200,-308
2632,169,-238
2633,200,-290
2634,200,-263
2635,112,-154
2636,166,-226
2637,200,-344
2638,200,-308
2639,200,-290
2640,200,-290
2641,200,-272
2642,200,-308
2643,200,-281
2644,200,-272
2645,200,-263
2646,200,-254
2647,200,-281
2648,200,-290
2649,134,-158
2650,149,-263
2651,200,-290
2652,200,-272
2653,200,-290
2654,200,-281
2655,200,-308
2656,200,-308
2657,200,-326
2658,190,-259
2659,106,-130
2660,200,-245
2661,200,-272
2662,43,-49
2663,172,-259
2664,200,-299
2665,200,-290
2666,200,-326
2667,200,-362
2668,200,-344
2669,200,-308
2670,200,-308
2671,200,-299
2672,200,-245
2673,200,-272
2674,157,-199
2675,85,-91
2676,200,-308
2677,200,-281
2678,200,-281
2679,200,-245
2680,200,-290
2681,122,-146
2682,200,-308
2683,200,-308
2684,200,-299
2685,200,-263
2686,200,-290
2687,200,-263
2688,120,-126
2689,200,-317
2690,200,-245
2691,200,-263
2692,200,-290
2693,200,-344
2694,200,-263
2695,200,-290
2696,143,-194
2697,200,-263
2698,200,-290
2699,200,-272
2700,200,-227
2701,185,-227
2702,200,-299
2703,200,-299
2704,200,-263
2705,23,-2
2706,200,-281
2707,200,-254
2708,200,-299
2709,146,-179
2710,200,-254
2711,197,-266
2712,200,-272
2713,200,-272
2714,76,-73
2715,200,-272
2716,200,-254
2717,200,-254
2718,200,-272
2719,200,-254
2720,200,-299
2721,200,-263
2722,153,-186
2723,200,-290
2724,200,-281
2725,200,-263
2726,200,-236
2727,200,-263
2728,200,-326
2729,200,-254
2730,200,-263
2731,200,-281
2732,200,-290
2733,200,-326
2734,200,-281
2735,200,-272
2736,200,-281
2737,200,-272
2738,200,-263
2739,9,3
2740,200,-290
2741,200,-254
2742,200,-326
2743,141,-147
2744,200,-263
2745,200,-218
2746,200,-317
2747,200,-281
2748,200,-263
2749,174,-225
2750,200,-299
2751,200,-290
2752,200,-308
2753,200,-290
2754,200,-272
2755,27,-24
2756,52,-58
2757,200,-326
2758,200,-290
2759,200,-245
2760,200,-299
2761,200,-326
2762,200,-254
2763,200,-263
2764,200,-263
2765,200,-299
2766,174,-261
2767,200,-263
2768,200,-290
2769,88,-76
2770,200,-290
2771,200,-245
2772,200,-281
2773,23,-2
2774,200,-317
2775,200,-281
2776,200,-236
2777,200,-299
2778,200,-281
2779,200,-245
2780,200,-245
2781,200,-299
2782,200,-254
2783,200,-299
2784,160,-220
2785,200,-272
2786,200,-281
2787,200,-290
2788,200,-290
2789,110,-89
2790,200,-272
2791,200,-308
2792,200,-281
2793,133,-148
2794,200,-308
2795,115,-112
2796,142,-166
2797,200,-299
2798,200,-272
2799,200,-272
2800,200,-299
2801,200,-281
2802,200,-317
2803,200,-236
2804,156,-207
2805,200,-227
2806,200,-290
2807,200,-272
2808,200,-272
2809,200,-254
2810,198,-222
2811,200,-281
2812,178,-265
2813,200,-335
2814,200,-254
2815,200,-254
2816,200,-308
2817,200,-281
2818,200,-272
2819,200,-290
2820,200,-299
2821,200,-263
2822,120,-153
2823,200,-317
2824,200,-290
2825,200,-263
2826,128,-152
2827,200,-308
2828,200,-272
2829,47,-44
2830,200,-344
2831,200,-308
2832,200,-245
2833,107,-131
2834,200,-335
2835,151,-229
2836,200,-290
2837,200,-308
2838,59,-47
2839,200,-281
2840,200,-281
2841,200,-299
2842,200,-254
2843,200,-272
2844,200,-290
2845,200,-245
2846,200,-290
2847,200,-290
2848,170,-266
2849,200,-272
2850,70,-76
2851,190,-223
2852,200,-272
2853,200,-254
2854,200,-245
2855,200,-299
2856,200,-326
2857,113,-155
2858,200,-272
2859,200,-254
2860,200,-263
2861,200,-299
2862,192,-225
2863,200,-254
2864,200,-263
2865,50,-38
2866,200,-281
2867,200,-263
2868,200,-308
2869,200,-281
2870,200,-272
2871,200,-290
2872,200,-281
2873,200,-290
2874,200,-299
2875,200,-263
2876,198,-267
2877,200,-335
2878,90,-114
2879,200,-263
2880,111,-144
2881,200,-308
2882,200,-272
2883,200,-272
2884,200,-254
2885,200,-245
2886,200,-290
2887,200,-308
2888,200,-317
2889,200,-317
2890,193,-217
2891,200,-227
2892,116,-104
2893,200,-299
2894,200,-245
2895,200,-317
2896,200,-362
2897,155,-170
2898,200,-281
2899,200,-290
2900,122,-164
2901,200,-281
2902,200,-272
2903,154,-205
2904,200,-281
2905,180,-213
2906,200,-263
2907,197,-302
2908,200,-254
2909,200,-272
2910,200,-317
2911,200,-272
2912,200,-290
2913,200,-326
2914,200,-245
2915,200,-290
2916,146,-170
2917,200,-272
2918,200,-281
2919,200,-254
2920,200,-335
2921,200,-254
2922,200,-236
2923,200,-263
2924,200,-290
2925,200,-263
2926,76,-118
2927,131,-146
2928,200,-299
2929,200,-263
2930,200,-326
2931,200,-263
2932,200,-272
2933,180,-177
2934,200,-326
2935,200,-263
2936,41,-29
2937,140,-155
2938,200,-254
2939,200,-272
2940,200,-371
2941,176,-209
2942,200,-335
2943,200,-254
2944,200,-308
2945,129,-135
2946,200,-308
2947,200,-290
2948,200,-308
2949,200,-299
2950,200,-299
2951,200,-263
2952,200,-281
2953,200,-272
2954,200,-299
2955,200,-290
2956,200,-281
2957,200,-317
2958,200,-245
2959,200,-272
2960,200,-254
2961,187,-247
2962,200,-263
2963,200,-290
2964,200,-317
2965,200,-290
2966,200,-308
2967,200,-263
2968,200,-272
2969,200,-245
2970,112,-127
2971,200,-281
2972,166,-226
2973,200,-254
2974,200,-272
2975,200,-254
2976,200,-290
2977,200,-254
2978,200,-263
2979,200,-272
2980,54,-60
2981,129,-180
2982,200,-218
2983,200,-308
2984,200,-227
2985,200,-272
2986,30,-9
2987,200,-290
2988,200,-317
2989,200,-281
2990,200,-272
2991,200,-281
2992,91,-133
2993,200,-263
2994,200,-281
2995,200,-290
2996,112,-154
2997,127,-178
2998,200,-308
2999,200,-245
3000,200,-254
3001,200,-299
3002,200,-281
3003,200,-263
3004,200,-263
3005,200,-281
3006,200,-299
3007,200,-272
3008,200,-272
3009,200,-281
3010,200,-281
3011,200,-245
3012,179,-230
3013,45,-42
3014,200,-272
3015,200,-290
3016,200,-281
3017,62,-95
3018,200,-272
3019,200,-317
3020,200,-281
3021,200,-272
3022,200,-254
3023,86,-110
3024,200,-263
3025,200,-281
3026,200,-254
3027,200,-272
3028,200,-245
3029,200,-254
3030,139,-181
3031,200,-272
3032,200,-308
3033,200,-335
3034,200,-281
3035,200,-254
3036,200,-308
3037,200,-263
3038,153,-195
3039,200,-272
3040,200,-299
3041,200,-281
3042,200,-281
3043,200,-281
3044,24,-12
3045,200,-290
3046,200,-236
3047,200,-272
3048,113,-110
3049,200,-326
3050,200,-281
3051,200,-263
3052,200,-299
3053,200,-299
3054,200,-209
3055,200,-281
3056,200,-254
3057,200,-299
3058,200,-317
3059,200,-254
3060,61,-67
3061,200,-245
3062,200,-272
3063,157,-190
3064,200,-272
3065,200,-245
3066,200,-299
3067,200,-362
3068,110,-134
3069,200,-299
3070,200,-272
3071,200,-326
3072,200,-272
3073,200,-254
3074,200,-290
3075,200,-272
3076,200,-326
3077,200,-254
3078,200,-299
3079,141,-138
3080,200,-317
3081,200,-281
3082,200,-272
3083,200,-308
3084,200,-281
3085,200,-236
3086,200,-308
3087,199,-259
3088,200,-281
3089,200,-335
3090,200,-272
3091,200,-272
3092,200,-308
3093,200,-254
3094,200,-272
3095,200,-263
3096,200,-272
3097,200,-290
3098,141,-174
3099,200,-308
3100,78,-84
3101,134,-122
3102,200,-281
3103,200,-236
3104,200,-290
3105,200,-299
3106,200,-263
3107,200,-281
3108,200,-326
3109,200,-290
3110,200,-254
3111,49,-64
3112,200,-299
3113,71,-68
3114,200,-263
3115,200,-263
3116,200,-281
3117,200,-335
3118,197,-293
3119,200,-254
3120,200,-272
3121,200,-263
3122,200,-299
3123,200,-263
3124,200,-326
3125,200,-353
3126,200,-245
3127,128,-143
3128,200,-263
3129,200,-308
3130,200,-308
3131,186,-255
3132,200,-272
3133,200,-308
3134,200,-299
3135,114,-183
3136,200,-254
3137,200,-245
3138,151,-184
3139,200,-281
3140,200,-299
3141,200,-317
3142,149,-173
3143,200,-272
3144,200,-281
3145,200,-263
3146,182,-269
3147,200,-299
3148,200,-308
3149,82,-106
3150,200,-281
3151,200,-254
3152,200,-263
3153,200,-281
3154,200,-290
3155,200,-254
3156,200,-308
3157,200,-263
3158,200,-227
3159,200,-317
3160,129,-162
3161,146,-197
3162,200,-299
3163,200,-272
3164,200,-272
3165,86,-146
3166,200,-299
3167,200,-281
3168,200,-317
3169,120,-162
3170,174,-207
3171,200,-281
3172,200,-326
3173,200,-281
3174,200,-353
3175,200,-272
3176,200,-281
3177,200,-290
3178,200,-272
3179,200,-272
3180,200,-290
3181,200,-272
3182,200,-263
3183,200,-299
3184,200,-281
3185,200,-254
3186,200,-317
3187,200,-317
3188,200,-344
3189,200,-245
3190,200,-263
3191,200,-317
3192,200,-272
3193,200,-236
3194,20,-8
3195,200,-299
3196,200,-281
3197,200,-335
3198,200,-317
3199,84,-90
3200,200,-254
3201,70,-121
3202,200,-236
3203,51,-39
3204,200,-272
3205,47,-53
3206,200,-263
3207,163,-223
3208,200,-281
3209,200,-254
3210,200,-299
3211,200,-326
3212,200,-308
3213,200,-299
3214,200,-317
3215,200,-290
3216,200,-299
3217,200,-299
3218,200,-236
3219,200,-281
3220,200,-254
3221,200,-263
3222,170,-230
3223,200,-272
3224,200,-281
3225,200,-290
3226,200,-281
3227,200,-272
3228,200,-254
3229,200,-254
3230,148,-235
3231,148,-163
3232,200,-281
3233,200,-281
3234,200,-281
3235,200,-272
3236,200,-281
3237,200,-281
3238,200,-263
3239,74,-71
3240,200,-245
3241,200,-290
3242,200,-254
3243,200,-263
3244,200,-254
3245,200,-254
3246,200,-290
3247,200,-308
3248,200,-272
3249,200,-299
3250,200,-326
3251,200,-308
3252,200,-263
3253,144,-177
3254,146,-161
3255,200,-236
3256,65,-44
3257,179,-230
3258,200,-254
3259,200,-299
3260,200,-308
3261,200,-290
3262,200,-317
3263,200,-281
3264,200,-272
3265,200,-281
3266,200,-308
3267,200,-245
3268,200,-290
3269,200,-281
3270,200,-272
3271,167,-182
3272,80,-122
3273,200,-281
3274,200,-272
3275,200,-272
3276,200,-254
3277,42,-21
3278,200,-344
3279,200,-299
3280,200,-290
3281,200,-281
3282,200,-299
3283,79,-76
3284,200,-299
3285,200,-272
3286,200,-254
3287,200,-245
3288,200,-281
3289,200,-263
3290,132,-183
3291,134,-158
3292,200,-263
3293,200,-299
3294,200,-254
3295,200,-299
3296,187,-229
3297,200,-290
3298,196,-247
3299,200,-272
3300,200,-254
3301,200,-281
3302,200,-308
3303,200,-281
3304,200,-308
3305,200,-281
3306,200,-290
3307,200,-299
3308,200,-272
3309,200,-317
3310,200,-272
3311,200,-353
3312,102,-126
3313,200,-335
3314,200,-272
3315,200,-245
3316,200,-254
3317,200,-254
3318,200,-290
3319,200,-281
3320,137,-179
3321,200,-299
3322,200,-227
3323,200,-263
3324,200,-254
3325,200,-281
3326,200,-272
3327,148,-181
3328,74,-71
3329,200,-272
3330,200,-299
3331,200,-308
3332,156,-207
3333,200,-281
3334,200,-263
3335,165,-225
3336,200,-362
3337,200,-344
3338,172,-241
3339,188,-230
3340,200,-263
3341,200,-245
3342,200,-281
3343,200,-272
3344,200,-281
3345,200,-344
3346,200,-254
3347,200,-245
3348,200,-245
3349,200,-362
3350,200,-272
3351,137,-170
3352,200,-281
3353,200,-299
3354,200,-299
3355,200,-290
3356,200,-245
3357,200,-254
3358,174,-216
3359,200,-317
3360,123,-156
3361,200,-236
3362,200,-326
3363,85,-82
3364,200,-245
3365,200,-299
3366,200,-281
3367,174,-225
3368,200,-263
3369,200,-326
3370,200,-245
3371,200,-263
3372,61,-67
3373,200,-326
3374,200,-254
3375,200,-299
3376,170,-194
3377,200,-263
3378,200,-299
3379,200,-263
3380,107,-122
3381,200,-335
3382,200,-263
3383,200,-263
3384,180,-240
3385,200,-272
3386,200,-281
3387,200,-281
3388,129,-153
3389,200,-326
3390,200,-254
3391,200,-263
3392,200,-299
3393,200,-308
3394,200,-308
3395,94,-109
3396,177,-210
3397,118,-124
3398,200,-263
3399,200,-272
3400,200,-290
3401,200,-263
3402,29,-17
3403,200,-299
3404,200,-272
3405,200,-290
3406,200,-263
3407,83,-71
3408,46,-52
3409,200,-281
3410,200,-281
3411,200,-290
3412,200,-281
3413,200,-272
3414,200,-281
3415,200,-290
3416,200,-254
3417,200,-299
3418,200,-254
3419,200,-317
3420,200,-272
3421,200,-281
3422,200,-263
3423,199,-286
3424,146,-152
3425,200,-281
3426,200,-245
3427,200,-281
3428,200,-254
3429,200,-290
3430,200,-317
3431,200,-263
3432,200,-281
3433,200,-272
3434,200,-299
3435,200,-254
3436,154,-160
3437,200,-371
3438,138,-135
3439,200,-272
3440,200,-263
3441,200,-254
3442,186,-246
3443,200,-335
3444,200,-308
3445,200,-254
3446,200,-263
3447,200,-263
3448,200,-308
3449,66,-81
3450,168,-291
3451,200,-290
3452,200,-299
3453,200,-326
3454,200,-272
3455,200,-290
3456,75,-90
3457,23,-2
3458,200,-263
3459,200,-290
3460,200,-263
3461,200,-281
3462,200,-245
3463,200,-245
3464,200,-299
3465,161,-185
3466,58,-55
3467,200,-254
3468,51,-57
3469,200,-236
3470,200,-236
3471,200,-308
3472,200,-263
3473,200,-281
3474,200,-281
3475,112,-145
3476,200,-299
3477,200,-272
3478,200,-290
3479,200,-299
3480,200,-236
3481,200,-299
3482,200,-308
3483,200,-245
3484,200,-254
3485,200,-308
3486,200,-272
3487,150,-174
3488,177,-219
3489,181,-178
3490,200,-272
3491,200,-281
3492,200,-299
3493,200,-236
3494,200,-308
3495,200,-299
3496,175,-217
3497,200,-308
3498,200,-254
3499,200,-245
3500,200,-308
3501,200,-245
3502,200,-281
3503,200,-263
3504,200,-308
3505,108,-150
3506,123,-165
3507,157,-163
3508,200,-317
3509,200,-326
3510,200,-281
3511,200,-299
3512,200,-263
3513,200,-218
3514,200,-299
3515,29,-17
3516,63,-60
3517,200,-317
3518,200,-281
3519,200,-290
3520,89,-104
3521,200,-245
3522,200,-263
3523,200,-290
3524,200,-281
3525,200,-236
3526,200,-272
3527,200,-254
3528,200,-290
3529,200,-299
3530,61,-58
3531,200,-335
3532,200,-281
3533,200,-224
3534,200,-263
3535,200,-272
3536,131,-146
3537,200,-272
3538,200,-272
3539,200,-272
3540,200,-326
3541,200,-269
3542,200,-263
3543,200,-290
3544,132,-156
3545,156,-180
3546,200,-254
3547,200,-245
3548,200,-281
3549,200,-263
3550,200,-299
3551,200,-290
3552,200,-290
3553,200,-272
3554,200,-290
3555,200,-290
3556,134,-203
3557,200,-272
3558,200,-272
3559,200,-245
3560,200,-281
3561,200,-272
3562,200,-254
3563,200,-290
3564,63,-78
3565,61,-58
3566,200,-227
3567,200,-272
3568,200,-254
3569,200,-272
3570,200,-290
3571,200,-281
3572,175,-217
3573,21,-9
3574,200,-254
3575,200,-245
3576,200,-272
3577,200,-281
3578,109,-160
3579,200,-290
3580,200,-317
3581,200,-272
3582,200,-254
3583,200,-290
3584,200,-326
3585,200,-317
3586,148,-190
3587,200,-281
3588,200,-299
3589,200,-254
3590,200,-290
3591,200,-308
3592,200,-317
3593,135,-150
3594,200,-290
3595,200,-263
3596,200,-281
3597,200,-308
3598,200,-254
3599,27,-15
3600,200,-272
3601,200,-344
3602,200,-281
3603,127,-178
3604,119,-116
3605,200,-272
3606,200,-254
3607,200,-263
3608,173,-179
3609,139,-163
3610,178,-265
3611,200,-263
3612,200,-290
3613,200,-245
3614,200,-254
3615,200,-245
3616,200,-335
3617,200,-299
3618,200,-272
3619,121,-145
3620,200,-317
3621,200,-263
3622,200,-272
3623,200,-290
3624,200,-308
3625,200,-299
3626,145,-196
3627,200,-254
3628,131,-137
3629,200,-308
3630,200,-272
3631,156,-198
3632,200,-281
3633,200,-254
3634,200,-281
3635,200,-308
3636,200,-272
3637,200,-254
3638,74,-80
3639,200,-272
3640,200,-290
3641,200,-290
3642,36,-24
3643,18,-6
3644,31,-28
3645,200,-281
3646,200,-218
3647,191,-215
3648,198,-240
3649,200,-317
3650,200,-290
3651,200,-299
3652,200,-263
3653,200,-263
3654,200,-299
3655,200,-308
3656,200,-233
3657,200,-290
3658,200,-245
3659,200,-326
3660,200,-299
3661,200,-308
3662,200,-290
3663,181,-187
3664,200,-290
3665,200,-272
3666,200,-299
3667,200,-272
3668,200,-317
3669,200,-245
3670,200,-263
3671,200,-290
3672,200,-236
3673,96,-111
3674,200,-272
3675,200,-218
3676,200,-281
3677,200,-299
3678,200,-245
3679,200,-263
3680,200,-254
3681,36,-24
3682,200,-263
3683,200,-281
3684,200,-281
3685,200,-272
3686,200,-299
3687,200,-281
3688,200,-281
3689,161,-221
3690,200,-281
3691,200,-290
3692,200,-299
3693,47,-35
3694,200,-272
3695,200,-317
3696,170,-203
3697,200,-281
3698,200,-290
3699,102,-108
3700,200,-254
3701,200,-326
3702,200,-263
3703,200,-272
3704,200,-290
3705,71,-68
3706,200,-281
3707,200,-263
3708,200,-272
3709,145,-196
3710,200,-317
3711,76,-109
3712,200,-299
3713,200,-272
3714,200,-281
3715,200,-308
3716,200,-290
3717,200,-272
3718,200,-263
3719,200,-326
3720,200,-245
3721,181,-268
3722,200,-245
3723,200,-290
3724,190,-250
3725,200,-299
3726,200,-227
3727,200,-263
3728,200,-272
3729,200,-290
3730,200,-308
3731,88,-112
3732,200,-344
3733,138,-144
3734,56,-44
3735,200,-245
3736,200,-272
3737,200,-281
3738,200,-290
3739,156,-189
3740,200,-263
3741,134,-167
3742,200,-290
3743,200,-272
3744,200,-290
3745,200,-254
3746,200,-245
3747,200,-290
3748,200,-290
3749,200,-317
3750,102,-135
3751,200,-308
3752,200,-281
3753,132,-138
3754,200,-281
3755,200,-245
3756,200,-254
3757,200,-272
3758,200,-254
3759,200,-245
3760,200,-263
3761,200,-254
3762,200,-272
3763,200,-272
3764,200,-317
3765,200,-245
3766,200,-281
3767,200,-281
3768,200,-353
3769,200,-272
3770,200,-281
3771,200,-263
3772,24,-12
3773,200,-299
3774,200,-254
3775,20,1
3776,200,-299
3777,200,-317
3778,200,-272
3779,200,-254
3780,200,-281
3781,186,-237
3782,64,-52
3783,200,-263
3784,200,-281
3785,200,-290
3786,200,-263
3787,11,10
3788,57,-36
3789,150,-210
3790,200,-299
3791,200,-317
3792,190,-250
3793,200,-290
3794,200,-263
3795,200,-245
3796,74,-62
3797,200,-254
3798,141,-183
3799,200,-299
3800,200,-254
3801,200,-281
3802,200,-290
3803,200,-281
3804,200,-290
3805,200,-281
3806,150,-210
3807,200,-254
3808,57,-45
3809,200,-263
3810,200,-263
3811,200,-308
3812,200,-290
3813,200,-281
3814,200,-272
3815,173,-233
3816,200,-326
3817,200,-254
3818,175,-235
3819,200,-263
3820,200,-263
3821,200,-236
3822,200,-308
3823,200,-281
3824,200,-308
3825,44,-59
3826,200,-272
3827,200,-245
3828,200,-263
3829,67,-55
3830,200,-263
3831,124,-175
3832,200,-299
3833,200,-290
3834,200,-281
3835,200,-272
3836,159,-165
3837,200,-272
3838,200,-245
3839,200,-254
3840,200,-254
3841,200,-326
3842,200,-362
3843,200,-335
3844,200,-254
3845,200,-254
3846,200,-254
3847,200,-254
3848,197,-257
3849,200,-317
3850,200,-236
3851,200,-290
3852,200,-272
3853,200,-290
3854,200,-254
3855,151,-202
3856,200,-299
3857,200,-254
3858,200,-281
3859,200,-290
3860,200,-317
3861,200,-272
3862,200,-245
3863,200,-254
3864,200,-299
3865,200,-254
3866,200,-272
3867,147,-207
3868,200,-326
3869,200,-317
3870,200,-299
3871,200,-254
3872,191,-233
3873,200,-290
3874,200,-245
3875,200,-254
3876,200,-308
3877,194,-263
3878,200,-263
3879,200,-254
3880,200,-272
3881,200,-245
3882,83,-89
3883,200,-281
3884,200,-263
3885,200,-263
3886,200,-290
3887,73,-61
3888,200,-281
3889,200,-272
3890,200,-263
3891,27,-6
3892,200,-227
3893,170,-230
3894,200,-299
3895,200,-299
3896,19,-16
3897,200,-281
3898,200,-326
3899,200,-272
3900,200,-317
3901,200,-254
3902,200,-245
3903,200,-326
3904,200,-272
3905,200,-281
3906,77,-74
3907,200,-245
3908,53,-59
3909,200,-263
3910,200,-254
3911,200,-281
3912,200,-254
3913,200,-299
3914,200,-290
3915,200,-263
3916,40,-28
3917,108,-132
3918,170,-194
3919,200,-299
3920,200,-335
3921,200,-308
3922,200,-290
3923,200,-245
3924,200,-236
3925,200,-299
3926,200,-281
3927,200,-281
3928,200,-308
3929,200,-227
3930,200,-272
3931,200,-254
3932,200,-254
3933,43,-49
3934,200,-254
3935,200,-299
3936,200,-308
3937,200,-344
3938,200,-236
3939,200,-290
3940,192,-252
3941,200,-245
3942,161,-167
3943,200,-326
3944,200,-299
3945,200,-218
3946,200,-290
3947,200,-272
3948,200,-308
3949,200,-317
3950,200,-281
3951,91,-88
3952,200,-272
3953,200,-326
3954,200,-281
3955,180,-249
3956,159,-246
3957,200,-290
3958,200,-290
3959,200,-272
3960,39,-36
3961,200,-236
3962,200,-263
3963,98,-122
3964,200,-281
3965,200,-263
3966,200,-299
3967,200,-281
3968,200,-299
3969,155,-188
3970,184,-244
3971,200,-290
3972,200,-236
3973,200,-308
3974,200,-335
3975,200,-308
3976,200,-290
3977,200,-254
3978,200,-281
3979,200,-263
3980,200,-254
3981,200,-335
3982,200,-299
3983,200,-281
3984,200,-272
3985,200,-317
3986,200,-281
3987,200,-272
3988,200,-254
3989,200,-236
3990,36,-33
3991,67,-55
3992,200,-272
3993,200,-272
3994,200,-299
3995,35,-32
3996,200,-299
3997,200,-326
3998,200,-263
3999,200,-245
4000,20,1
4001,200,-290
4002,200,-236
4003,200,-299
4004,200,-254
4005,200,-254
4006,200,-317
4007,200,-236
4008,200,-308
4009,200,-281
4010,130,-118
4011,139,-172
4012,200,-272
4013,200,-335
4014,200,-254
4015,106,-112
4016,200,-245
4017,200,-281
4018,200,-281
4019,200,-326
4020,71,-68
4021,200,-254
4022,200,-290
4023,200,-245
4024,131,-173
4025,200,-299
4026,200,-272
4027,200,-290
4028,200,-245
4029,200,-254
4030,121,-145
4031,200,-227
4032,200,-290
4033,200,-245
4034,69,-102
4035,200,-290
4036,200,-281
4037,200,-236
4038,200,-263
4039,149,-191
4040,84,-99
4041,200,-281
4042,200,-290
4043,152,-239
4044,200,-317
4045,200,-308
4046,200,-371
4047,200,-263
4048,200,-308
4049,200,-308
4050,200,-317
4051,200,-254
4052,200,-290
4053,200,-254
4054,200,-299
4055,200,-272
4056,172,-214
4057,200,-272
4058,200,-281
4059,200,-281
4060,200,-263
4061,178,-229
4062,41,-29
4063,200,-299
4064,200,-272
4065,192,-234
4066,200,-272
4067,200,-245
4068,122,-128
4069,200,-272
4070,200,-308
4071,57,-45
4072,200,-317
4073,200,-290
4074,200,-263
4075,200,-290
4076,200,-290
4077,200,-281
4078,200,-290
4079,200,-290
4080,200,-281
4081,200,-254
4082,200,-218
4083,200,-245
4084,200,-263
4085,200,-299
4086,200,-308
4087,200,-290
4088,148,-217
4089,200,-281
4090,200,-281
4091,200,-353
4092,200,-254
4093,200,-299
4094,178,-247
4095,63,-60
4096,11,10
4097,200,-272
4098,200,-281
4099,200,-281
4100,200,-272
4101,200,-263
4102,200,-317
4103,193,-235
4104,200,-272
4105,160,-193
4106,200,-272
4107,200,-281
4108,167,-209
4109,200,-245
4110,200,-236
4111,200,-245
4112,200,-236
4113,200,-290
4114,200,-290
4115,163,-214
4116,200,-344
4117,200,-326
4118,200,-281
4119,200,-317
4120,189,-231
4121,200,-272
4122,200,-281
4123,163,-178
4124,200,-281
4125,200,-317
4126,200,-254
4127,72,-78
4128,200,-254
4129,200,-290
4130,200,-254
4131,163,-223
4132,200,-299
4133,200,-308
4134,200,-299
4135,200,-272
4136,200,-272
4137,200,-272
4138,200,-290
4139,198,-258
4140,158,-173
4141,200,-281
4142,200,-299
4143,200,-299
4144,200,-290
4145,158,-191
4146,200,-281
4147,200,-272
4148,200,-263
4149,200,-272
4150,200,-326
4151,200,-254
4152,200,-308
4153,200,-272
4154,200,-272
4155,200,-281
4156,173,-251
4157,200,-263
4158,200,-308
4159,111,-144
4160,200,-236
4161,200,-263
4162,200,-254
4163,178,-202
4164,200,-263
4165,200,-299
4166,200,-245
4167,200,-254
4168,133,-166
4169,200,-290
4170,200,-263
4171,200,-290
4172,200,-236
4173,103,-118
4174,200,-281
4175,200,-281
4176,200,-263
4177,138,-153
4178,198,-285
4179,200,-308
4180,200,-290
4181,200,-299
4182,200,-245
4183,162,-204
4184,200,-254
4185,200,-263
4186,200,-236
4187,200,-281
4188,200,-299
4189,200,-299
4190,39,-18
4191,200,-299
4192,200,-308
4193,200,-272
4194,96,-111
4195,200,-272
4196,200,-254
4197,200,-317
4198,200,-254
4199,200,-272
4200,146,-179
4201,200,-263
4202,200,-290
4203,200,-245
4204,200,-254
4205,200,-254
4206,122,-119
4207,200,-281
4208,200,-281
4209,191,-242
4210,200,-263
4211,200,-290
4212,200,-263
4213,200,-326
4214,200,-290
4215,40,-28
4216,200,-254
4217,31,-19
4218,200,-308
4219,200,-272
4220,200,-254
4221,120,-117
4222,199,-259
4223,94,-118
4224,163,-223
4225,200,-272
4226,200,-299
4227,200,-272
4228,171,-240
4229,200,-254
4230,200,-281
4231,200,-236
4232,166,-253
4233,200,-272
4234,200,-281
4235,200,-272
4236,200,-326
4237,200,-263
4238,200,-299
4239,200,-272
4240,200,-308
4241,200,-299
4242,200,-218
4243,200,-263
4244,200,-299
4245,200,-272
4246,200,-254
4247,187,-292
4248,200,-254
4249,200,-290
4250,200,-263
4251,200,-299
4252,200,-299
4253,161,-221
4254,200,-227
4255,63,-60
4256,200,-299
4257,200,-299
4258,200,-218
4259,200,-299
4260,200,-245
4261,200,-299
4262,200,-263
4263,200,-281
4264,200,-245
4265,47,-62
4266,200,-290
4267,200,-254
4268,108,-132
4269,200,-254
4270,83,-107
4271,200,-308
4272,41,-47
4273,200,-272
4274,200,-362
4275,200,-335
4276,175,-253
4277,71,-77
4278,200,-281
4279,200,-299
4280,200,-272
4281,200,-290
4282,200,-254
4283,200,-272
4284,200,-245
4285,200,-281
4286,200,-317
4287,52,-58
4288,200,-281
4289,200,-272
4290,60,-57
4291,200,-263
4292,200,-263
4293,163,-178
4294,200,-299
4295,34,-13
4296,200,-335
4297,200,-254
4298,200,-272
4299,200,-263
4300,23,-11
4301,200,-236
4302,200,-299
4303,200,-263
4304,200,-290
4305,146,-152
4306,200,-281
4307,106,-139
4308,78,-75
4309,200,-281
4310,200,-263
4311,200,-263
4312,200,-308
4313,200,-299
4314,200,-290
4315,200,-290
4316,152,-194
4317,150,-174
4318,200,-299
4319,200,-254
4320,200,-281
4321,200,-299
4322,196,-229
4323,200,-272
4324,200,-272
4325,200,-281
4326,200,-263
4327,200,-254
4328,200,-263
4329,200,-254
4330,200,-272
4331,112,-145
4332,200,-263
4333,200,-254
4334,200,-290
4335,200,-245
4336,146,-161
4337,200,-281
4338,200,-299
4339,200,-281
4340,200,-290
4341,74,-62
4342,200,-290
4343,200,-254
4344,190,-232
4345,41,-38
4346,135,-141
4347,200,-272
4348,200,-290
4349,188,-212
4350,200,-326
4351,86,-128
4352,200,-281
4353,200,-263
4354,200,-326
4355,52,-49
4356,200,-290
4357,200,-281
4358,200,-254
4359,200,-290
4360,16,5
4361,200,-272
4362,200,-272
4363,129,-153
4364,200,-263
4365,200,-272
4366,200,-272
4367,200,-263
4368,200,-299
4369,200,-272
4370,200,-254
4371,200,-272
4372,200,-335
4373,200,-263
4374,128,-179
4375,200,-290
4376,200,-299
4377,200,-272
4378,200,-281
4379,200,-272
4380,200,-299
4381,138,-144
4382,200,-236
4383,55,-43
4384,200,-299
4385,200,-290
4386,200,-344
4387,75,-90
4388,200,-272
4389,200,-281
4390,200,-254
4391,200,-281
4392,113,-146
4393,200,-299
4394,55,-52
4395,200,-272
4396,200,-254
4397,200,-209
4398,200,-272
4399,200,-254
4400,200,-272
4401,200,-272
4402,71,-86
4403,200,-317
4404,200,-263
4405,200,-272
4406,200,-236
4407,200,-245
4408,200,-272
4409,200,-326
4410,200,-245
4411,132,-138
4412,200,-254
4413,96,-93
4414,200,-308
4415,200,-290
4416,200,-281
4417,200,-281
4418,154,-232
4419,200,-299
4420,200,-245
4421,51,-57
4422,200,-245
4423,200,-272
4424,200,-245
4425,200,-308
4426,107,-131
4427,28,-7
4428,200,-281
4429,119,-152
4430,200,-272
4431,200,-236
4432,200,-254
4433,200,-326
4434,200,-308
4435,135,-177
4436,200,-272
4437,200,-281
4438,200,-281
4439,165,-243
4440,200,-299
4441,87,-129
4442,200,-290
4443,142,-175
4444,200,-236
4445,200,-308
4446,200,-281
4447,200,-254
4448,200,-353
4449,200,-308
4450,200,-281
4451,200,-281
4452,200,-272
4453,94,-127
4454,200,-272
4455,200,-299
4456,200,-254
4457,200,-254
4458,200,-236
4459,200,-290
4460,200,-245
4461,138,-162
4462,200,-308
4463,41,-29
4464,200,-290
4465,200,-272
4466,200,-272
4467,200,-290
4468,200,-263
4469,200,-272
4470,8,13
4471,200,-263
4472,200,-254
4473,200,-272
4474,200,-272
4475,200,-272
4476,200,-308
4477,200,-218
4478,200,-236
4479,200,-263
4480,200,-245
4481,200,-308
4482,131,-182
4483,146,-152
4484,145,-196
4485,200,-272
4486,200,-308
4487,170,-185
4488,200,-263
4489,200,-263
4490,119,-206
4491,200,-290
4492,136,-133
4493,172,-241
4494,200,-290
4495,200,-245
4496,200,-308
4497,200,-290
4498,43,-49
4499,200,-281
4500,200,-263
4501,123,-129
4502,179,-212
4503,200,-281
4504,200,-290
4505,200,-308
4506,200,-245
4507,200,-290
4508,200,-281
4509,70,-85
4510,200,-299
4511,200,-326
4512,181,-187
4513,132,-138
4514,200,-281
4515,200,-281
4516,200,-272
4517,200,-254
4518,200,-281
4519,200,-326
4520,200,-263
4521,200,-290
4522,200,-227
4523,200,-308
4524,200,-290
4525,200,-272
4526,127,-160
4527,200,-254
4528,200,-299
4529,200,-281
4530,200,-263
4531,200,-290
4532,200,-272
4533,189,-231
4534,150,-147
4535,200,-254
4536,163,-178
4537,200,-290
4538,200,-281
4539,61,-49
4540,200,-353
4541,200,-272
4542,200,-263
4543,164,-170
4544,200,-281
4545,200,-281
4546,200,-236
4547,33,-12
4548,200,-263
4549,200,-290
4550,82,-97
4551,126,-150
4552,200,-281
4553,200,-272
4554,200,-245
4555,197,-284
4556,200,-263
4557,126,-195
4558,142,-184
4559,200,-308
4560,200,-263
4561,200,-299
4562,200,-272
4563,200,-272
4564,200,-308
4565,200,-308
4566,200,-272
4567,54,-78
4568,200,-263
4569,200,-290
4570,200,-281
4571,200,-326
4572,200,-245
4573,200,-245
4574,200,-290
4575,200,-272
4576,200,-317
4577,200,-281
4578,200,-263
4579,200,-245
4580,200,-299
4581,89,-86
4582,200,-281
4583,200,-272
4584,110,-134
4585,200,-299
4586,200,-299
4587,200,-227
4588,200,-299
4589,200,-254
4590,200,-236
4591,200,-272
4592,200,-281
4593,200,-236
4594,200,-308
4595,200,-236
4596,99,-141
4597,200,-290
4598,200,-299
4599,188,-275
4600,200,-290
4601,200,-290
4602,26,-14
4603,200,-272
4604,200,-290
4605,200,-254
4606,188,-221
4607,200,-299
4608,69,-84
4609,200,-272
4610,200,-281
4611,200,-308
4612,200,-281
4613,64,-61
4614,113,-128
4615,200,-245
4616,200,-272
4617,200,-263
4618,200,-272
4619,114,-129
4620,200,-245
4621,200,-254
4622,200,-317
4623,200,-308
4624,200,-254
4625,200,-272
4626,200,-290
4627,169,-211
4628,200,-272
4629,200,-290
4630,200,-254
4631,200,-263
4632,119,-188
4633,200,-236
4634,200,-290
4635,200,-263
4636,200,-299
4637,200,-299
4638,199,-232
4639,200,-317
4640,200,-263
4641,30,-18
4642,182,-278
4643,200,-227
4644,200,-263
4645,200,-299
4646,200,-281
4647,200,-290
4648,200,-245
4649,200,-272
4650,200,-299
4651,200,-236
4652,200,-299
4653,200,-281
4654,100,-151
4655,200,-317
4656,200,-299
4657,200,-326
4658,200,-272
4659,200,-281
4660,200,-353
4661,200,-317
4662,161,-275
4663,200,-281
4664,200,-263
4665,200,-263
4666,200,-272
4667,200,-290
4668,200,-272
4669,200,-272
4670,200,-218
4671,81,-78
4672,200,-326
4673,115,-130
4674,200,-236
4675,147,-162
4676,178,-202
4677,200,-308
4678,200,-254
4679,200,-272
4680,191,-269
4681,200,-290
4682,200,-290
4683,200,-308
4684,178,-211
4685,200,-335
4686,200,-290
4687,147,-189
4688,200,-263
4689,200,-263
4690,25,-4
4691,200,-254
4692,200,-326
4693,200,-299
4694,200,-272
4695,200,-272
4696,200,-227
4697,200,-272
4698,200,-290
4699,184,-199
4700,200,-272
4701,200,-299
4702,200,-299
4703,200,-245
4704,200,-290
4705,200,-371
4706,200,-317
4707,200,-290
4708,87,-111
4709,200,-290
4710,200,-344
4711,200,-299
4712,135,-159
4713,200,-299
4714,47,-26
4715,200,-317
4716,200,-326
4717,200,-281
4718,200,-290
4719,200,-308
4720,81,-96
4721,200,-245
4722,200,-245
4723,200,-245
4724,200,-245
4725,77,-65
4726,200,-263
4727,113,-155
4728,200,-290
4729,200,-236
4730,200,-281
4731,200,-272
4732,200,-290
4733,200,-290
4734,200,-281
4735,200,-263
4736,200,-335
4737,157,-199
4738,110,-125
4739,60,-48
4740,200,-245
4741,200,-290
4742,53,-59
4743,158,-236
4744,200,-236
4745,200,-281
4746,200,-227
4747,200,-353
4748,200,-272
4749,200,-245
4750,200,-281
4751,200,-263
4752,200,-299
4753,200,-299
4754,200,-281
4755,200,-335
4756,183,-252
4757,200,-272
4758,89,-113
4759,200,-272
4760,200,-263
4761,200,-254
4762,40,-37
4763,200,-290
4764,200,-290
4765,200,-245
4766,200,-317
4767,200,-308
4768,200,-272
4769,152,-167
4770,200,-290
4771,200,-299
4772,200,-245
4773,200,-281
4774,48,-54
4775,200,-263
4776,200,-263
4777,200,-263
4778,184,-244
4779,200,-245
4780,200,-263
4781,156,-198
4782,200,-263
4783,200,-299
4784,200,-290
4785,116,-131
4786,182,-233
4787,200,-299
4788,200,-236
4789,200,-263
4790,69,-66
4791,158,-200
4792,200,-281
4793,200,-326
4794,131,-146
4795,200,-263
4796,200,-317
4797,200,-299
4798,200,-299
4799,200,-290
4800,200,-290
4801,200,-281
4802,200,-317
4803,200,-299
4804,189,-213
4805,200,-227
4806,200,-299
4807,200,-272
4808,200,-290
4809,103,-136
4810,200,-281
4811,115,-130
4812,200,-281
4813,200,-299
4814,93,-117
4815,200,-245
4816,146,-188
4817,200,-281
4818,200,-272
4819,200,-263
4820,200,-245
4821,200,-281
4822,200,-281
4823,200,-272
4824,200,-263
4825,200,-281
4826,200,-299
4827,196,-229
4828,200,-281
4829,139,-163
4830,200,-299
4831,200,-272
4832,200,-308
4833,200,-281
4834,200,-290
4835,200,-263
4836,162,-195
4837,98,-113
4838,200,-263
4839,177,-192
4840,200,-281
4841,200,-263
4842,200,-299
4843,200,-290
4844,99,-105
4845,200,-272
4846,200,-263
4847,200,-272
4848,138,-216
4849,200,-272
4850,73,-70
4851,59,-74
4852,200,-299
4853,200,-236
4854,200,-272
4855,200,-272
4856,200,-263
4857,200,-281
4858,200,-254
4859,42,-21
4860,200,-254
4861,43,-49
4862,200,-272
4863,200,-272
4864,200,-254
4865,81,-96
4866,200,-317
4867,200,-263
4868,200,-254
4869,200,-299
4870,200,-344
4871,200,-218
4872,181,-241
4873,200,-263
4874,200,-281
4875,200,-254
4876,200,-254
4877,200,-218
4878,198,-339
4879,200,-245
4880,200,-263
4881,200,-299
4882,200,-272
4883,200,-281
4884,200,-281
4885,200,-272
4886,200,-299
4887,200,-254
4888,85,-73
4889,200,-281
4890,200,-272
4891,122,-137
4892,200,-290
4893,200,-245
4894,129,-135
4895,179,-257
4896,200,-281
4897,200,-335
4898,200,-308
4899,200,-290
4900,200,-326
4901,200,-335
4902,200,-308
4903,200,-272
4904,200,-281
4905,200,-290
4906,200,-299
4907,200,-263
4908,200,-272
4909,182,-251
4910,200,-281
4911,200,-281
4912,200,-326
4913,200,-272
4914,200,-272
4915,200,-299
4916,200,-281
4917,200,-281
4918,77,-83
4919,200,-281
4920,56,-53
4921,200,-308
4922,200,-290
4923,160,-211
4924,200,-227
4925,200,-335
4926,200,-281
4927,200,-272
4928,200,-299
4929,200,-290
4930,200,-263
4931,200,-308
4932,200,-254
4933,200,-317
4934,200,-236
4935,200,-272
4936,200,-281
4937,200,-236
4938,200,-290
4939,200,-317
4940,125,-140
4941,200,-308
4942,200,-254
4943,200,-245
4944,200,-263
4945,135,-177
4946,200,-263
4947,50,-38
4948,59,-56
4949,200,-236
4950,200,-272
4951,200,-272
4952,200,-272
4953,200,-263
4954,200,-308
4955,55,-52
4956,200,-263
4957,200,-281
4958,200,-281
4959,200,-317
4960,106,-130
4961,200,-308
4962,200,-344
4963,147,-144
4964,30,-18
4965,200,-308
4966,200,-290
4967,114,-156
4968,118,-169
4969,200,-254
4970,200,-299
4971,200,-272
4972,200,-263
4973,84,-90
4974,200,-245
4975,200,-281
4976,200,-281
4977,200,-308
4978,200,-281
4979,97,-103
4980,200,-272
4981,200,-308
4982,200,-272
4983,200,-281
4984,200,-263
4985,124,-130
4986,200,-299
4987,200,-263
4988,200,-281
4989,200,-308
4990,200,-281
4991,200,-281
4992,200,-245
4993,24,-3
4994,200,-254
4995,200,-272
4996,200,-245
4997,200,-326
4998,200,-254
4999,106,-121
5000,44,-50
